strategy,n_variants,n_calls,mean_disagreement,baseline_f1,f1_at_80pct_retention,f1_lift_at_80pct,calls_per_f1_point_lift
seed_only,5,535,0.007476635514018692,0.9333333333333333,0.9325153374233128,-0.0008179959100205192,
temperature,5,535,0.026168224299065422,0.9333333333333333,0.9308176100628931,-0.002515723270440251,
seed_at_temp_0.7,5,535,0.037383177570093455,0.927710843373494,0.9487179487179487,0.021007105344454713,254.675735294118
prompt_rewording,4,428,0.028037383177570093,0.9333333333333333,0.9382716049382716,0.004938271604938205,866.7000000000118
cross_model,3,321,0.09345794392523363,0.9212121212121213,0.9452054794520548,0.023993358239933538,133.78702422145355
